id,header,title
1,第1章,黎明バルオキーに立つ！
2,第2章,月影の森で待つものは
3,第3章,曙光都市エルジオン 見よ天空の響き
4,第4章,廃墟に轟け 合成人間の鼓動
5,第5章,君が消える！？殺される未来
6,第6章,サラマンダー侵蝕！異界より来たる
7,第7章,アクトゥール 水面の孤影を追いて
8,第8章,パルシファル宮殿 聴けよ幻視の祈り
9,第9章,人喰い沼の怪 奈落の底の主は…
10,第10章,時の塔 幻視の夢を視るもの
11,第11章,次元の狭間 さまよえる時の迷子たち
12,第12章,帰還そして暗雲 吼えよオーガベイン
13,第13章,ミグランス城は燃えているか？
14,第14章,エルジオン再び クロノス博士の影に
15,第15章,星が呼ぶ 天上のゼノ・ドメイン
16,第16章,クロノスの真実 家族の肖像
17,第17章,殲滅 時空回廊！ 巨大時震を回避せよ
18,第18章,発生 巨大時震！ 世界よ 震えて沈め
19,第19章,世界の混沌 終末の岸辺にて
20,第20章,出撃 次元戦艦！その名も合成鬼竜
21,第21章,星の塔 預言者の仮面の裏に
22,第22章,潜入 魔獣城！ アルテナの涙
23,第23章,突入 次元の渦！ ファントムの谺
24,第24章,時の暗闇が降る！ 聴け ぬばたまの咆哮
25,第25章,時が哭く！ 跳べ 哀しみのキロス
26,第26章,友よ遙かなる時空の彼方へ
27,第27章,新たなる旅立ち古戦場跡の怪異
28,第28章,鏡よ鏡いにしえの真実を語れ
29,第29章,蛇骨島フィーネの祈りの後先
30,第30章,魔獣城再び秘密の書庫の番人は
31,第31章,蛇肝ダマク竜神の加護を求めて
32,第32章,蛇頭メズキータアルテナ救出
33,第33章,オーガの策略ギルドナの新たな旅立ち
34,第34章,煉獄界四台精霊の幻象を追いて
35,第35章,再会アルテナオーガの約束の行方
36,第36章,今こそ建て！復活のマクミナル博物館
37,第37章,謎の革命集団ハローマイフレンド
38,第38章,幽霊城！エイミの泣く夜は恐ろしい
39,第39章,廃墟遊園地さらば輝かしき少女時代
40,第40章,破れ結界！突入せよオーガ砦！
41,第41章,オーガ砦の攻防 死闘コロッセウム
42,第42章,オーガ砦の攻防2 砕け 魔剣の憎悪！
43,第43章,オーガ砦の攻防3 覇者の塔のあぎとにて
44,第44章,オーガ砦の攻防4 聖なる剣の歌
45,第45章,友よ さらなる時空の彼方へ
46,第46章,心象開幕 時の女神の呼ぶ声
47,第47章,いざ東方！海の彼方で待つものは
48,第48章,猫神神社 新能力開眼！
49,第49章,荒れ寺の怪 猛き野盗の正体は
50,第50章,クロサギ城 ようこそ妖魔の宴へ
51,第51章,辰の国 あやかしの女帝は微笑む
52,第52章,妖魔殿 白き恐怖を超えて
53,第53章,怨尼ヶ原 滅ぼされし風の唄よ
54,第54章,神秘の湖 まぼろしの教会
55,第55章,急襲！ 移動要塞ジライヤ
56,第56章,時の裂断へ 虚空の相貌
57,第57章,山の国ガダロ 故郷にカエル
58,第58章,贄偶窟！くるまれて土偶王国の帷
59,第59章,逃がすなゴンジュロ！危ない鏡
60,第60章,去りにし日々からの伝言 時の夢の書
61,第61章,空中城郭イージア 束の間の平穏
62,第62章,嵐のガルファゲン 廃棄監獄船の惨劇
63,第63章,イージア再び 忍び寄る魔手
64,第64章,潜入 KMS社 東方支部！
65,第65章,悪夢の忍者屋敷 悔い改めよ デラメーア！
66,第66章,よみがえる教会 時の娘の祈り
67,第67章,時空の彼方に消えた教会 果ての微笑み
68,第68章,今ぞ聞け 時の女神の呼ぶ声を
69,第69章,クンロンの西 探せ 妖魔の隠れ里
70,第70章,イトイス 舞い散る雪の宴に
71,第71章,閉ざされし妖魔皇宮 氷の嘲笑
72,第72章,怨尼ヶ原 地下牢には くぐつの木霊
73,第73章,囚われた魂 精霊の息吹にかえて
74,第74章,KMS社の陰謀！？暗雲立ち込む未来は
